{
  "project_info": {
    "project_number": "273780875506",
    "project_id": "ecommerceapp-3c706",
    "storage_bucket": "ecommerceapp-3c706.appspot.com"
  },
  "client": [
    {
      "client_info": {
        "mobilesdk_app_id": "1:273780875506:android:3597ceeb6bfd1f219e306b",
        "android_client_info": {
          "package_name": "com.example.shopping_app1"
        }
      },
      "oauth_client": [
        {
          "client_id": "273780875506-oddplq4tt9lgsni7udf5mdug4l99f1rn.apps.googleusercontent.com",
          "client_type": 3
        }
      ],
      "api_key": [
        {
          "current_key": "AIzaSyCC1A5Jb9dmjLGZcGRUCgHlVBLE-97TaXo"
        }
      ],
      "services": {
        "appinvite_service": {
          "other_platform_oauth_client": [
            {
              "client_id": "273780875506-oddplq4tt9lgsni7udf5mdug4l99f1rn.apps.googleusercontent.com",
              "client_type": 3
            }
          ]
        }
      }
    }
  ],
  "configuration_version": "1"
}